Nombre,Apellido,Email,Trabajo,Direccion
Melinda Kuhlman;Keebler;Ned_Von85@gmail.com;Chief Research Strategist;East Crystalland
Colleen Bode;Daugherty;Jaydon.Boyer55@gmail.com;Dynamic Accountability Planner;Lake Idella
Gladys Rath;Brakus;Adaline88@yahoo.com;District Directives Officer;Rochester
Alfred Kuvalis;Gulgowski;Caesar65@hotmail.com;Future Web Engineer;O'Konchester
Courtney Labadie;Huel;Maxine.Kutch@gmail.com;Direct Accountability Agent;South Laurettahaven
Shelia McKenzie;Gerlach;Adrian.Russel67@yahoo.com;Internal Response Designer;South Lemuelfurt
Leo Marks;Koepp;Anastacio.Cartwright79@gmail.com;Regional Metrics Developer;North Priceport
Gene Bernier;Reynolds;Nora.Spencer@gmail.com;Global Data Facilitator;Murfreesboro
Erica Rath;Bahringer;Vilma.Bednar62@yahoo.com;District Integration Analyst;Osinskimouth
Jonathan Rath;Bergnaum;Quinton_Frami90@hotmail.com;National Implementation Consultant;West Brianne
Clay Powlowski IV;Hettinger;Newell.Stamm11@hotmail.com;Regional Identity Orchestrator;Juvenalton
Florence Zulauf;Fadel;Malinda_Reichel42@gmail.com;Senior Identity Director;Port Ruben
Ms. Boyd Toy;Okuneva;Nicole_Kshlerin@yahoo.com;Dynamic Response Architect;West Kayaboro
Casey Schamberger;Braun;Hoyt19@yahoo.com;Senior Web Strategist;Deannaland
Carroll Dickinson;Von;Jedidiah_Klocko@gmail.com;Global Research Engineer;Lefflerfort
Todd Homenick;Ondricka;Mariah68@hotmail.com;International Optimization Architect;Council Bluffs
Jaime Stracke MD;Keebler;Mary18@yahoo.com;Future Intranet Supervisor;West Isac
Emily Breitenberg;Harber;Raegan.Wisozk@hotmail.com;Investor Group Assistant;Wisokyfield
Cecilia Pfeffer;Luettgen;Keven.Mayert78@gmail.com;Senior Configuration Consultant;Tadshire
Maxine Schuster MD;Swift;Darron64@yahoo.com;Corporate Factors Executive;New Carlofort
Dianna Buckridge;Swift;Barton87@gmail.com;Human Mobility Officer;South Jasen
Leigh Nitzsche;Abernathy;Otha.OHara54@hotmail.com;Senior Directives Consultant;Treuteltown
Anne Schulist;Kihn;Jalyn56@gmail.com;Global Research Strategist;North Leannaside
Elsa Pouros;Fritsch;Martin_Lesch82@yahoo.com;District Marketing Analyst;Lake Della
Mathew Sipes;Goldner;Ramiro.OReilly@gmail.com;Internal Metrics Liaison;Port Trycia
Karl Grady;Feest;Brett.Ankunding@yahoo.com;Central Mobility Planner;East Doyle
Loretta VonRueden IV;Weimann;Florencio.Schuppe64@hotmail.com;Customer Factors Planner;Swiftfield
Woodrow Moen;Batz;Arthur19@yahoo.com;Dynamic Mobility Administrator;Lake Zachery
Nellie Howell;Williamson;Damien_Mosciski51@gmail.com;Global Directives Representative;Salina
Hilda Lowe;Nitzsche;Lenny_Funk@yahoo.com;Product Usability Producer;Verliefurt
Alejandro Sanford;Harvey;Jordon.Romaguera@gmail.com;Forward Paradigm Officer;Portsmouth
Renee Conn;Parisian;Wilbert.Stanton@hotmail.com;Dynamic Data Planner;East Rhianna
Timothy Hayes DDS;Hirthe;Theresia_Stiedemann57@yahoo.com;Forward Security Director;Chayafort
Tina Bruen;Langworth;Brendon0@hotmail.com;Forward Web Analyst;Paterson
Misty Luettgen;Huels;Leanne.Spinka37@gmail.com;Customer Metrics Analyst;North Carterhaven
Saul Orn;Ernser;Patsy_Stark63@gmail.com;Human Markets Designer;Flagstaff
Jorge Ebert;Runte;Anjali58@gmail.com;Principal Directives Agent;Mount Prospect
Lillie Rutherford;Gleichner;Deanna.Wiza34@hotmail.com;Global Directives Supervisor;Kristyview
Jessie Koch;Rempel;Arvel47@hotmail.com;Direct Security Coordinator;Madison
Ms. Grant Fritsch;Bartell;Edwin_Bode@gmail.com;Internal Integration Assistant;East Frankie
Tony Carroll;Bruen;Geoffrey97@hotmail.com;Internal Configuration Technician;West Valley City
Lance Hoppe DDS;Olson;Armani.Zboncak@gmail.com;Internal Operations Supervisor;Kenyattatown
Eva Breitenberg;Medhurst;Aryanna_Carter40@gmail.com;Lead Quality Facilitator;Wylie
Derrick Conroy;Zemlak;Alexandra.Powlowski@hotmail.com;District Metrics Assistant;Plainfield
Isabel Gaylord;Kozey;Andres3@hotmail.com;Corporate Metrics Producer;Rosaliatown
June Barrows;Terry;Lance41@hotmail.com;Principal Web Strategist;Mollyshire
Marguerite Gislason;Kling;Rosamond.Bahringer@hotmail.com;Human Identity Liaison;Huldafield
Todd Marks;Kuphal;Virginia.Smith@yahoo.com;Lead Tactics Representative;Collierville
Mr. Jean Bogisich;Lind;Kian_Simonis50@hotmail.com;Future Accounts Consultant;Samsontown
Misty Bins I;Lemke;Samara97@hotmail.com;Product Usability Coordinator;Beierchester
Ray Mertz DDS;Weissnat;Katelin_Champlin@yahoo.com;Dynamic Tactics Officer;Parma
Francis Anderson IV;Friesen;Tatyana.Connelly@hotmail.com;Future Directives Consultant;Angeloshire
Juana Fisher;Mayer;Wade.Wilderman68@hotmail.com;Principal Marketing Analyst;Arlofield
Ms. Alice Armstrong;Labadie;Elsa63@gmail.com;International Tactics Producer;Oakland Park
Dianna Hand DDS;Moen;Liam63@hotmail.com;Corporate Brand Facilitator;North Brendachester
Shannon MacGyver;Connelly;Theo30@hotmail.com;Corporate Assurance Officer;West Jamaalchester
Ms. Randy Weissnat;Grady;Opal38@gmail.com;Dynamic Applications Coordinator;North Ezekielside
Dr. Leah Boehm;Wiegand;Oran.Koss80@yahoo.com;Human Accounts Orchestrator;East Cordieville
Mr. Colleen Klocko;Hermann;Kellie_Cartwright74@gmail.com;Human Branding Supervisor;South Mckenna
Dr. Lena Bartoletti;Hegmann;Maud.Effertz90@hotmail.com;Customer Web Technician;Dachside
Verna Turcotte;Moen;Rhea.Pacocha@yahoo.com;Central Quality Strategist;New Cleve
Irvin Hermiston;Koepp;Kira91@gmail.com;Forward Infrastructure Manager;North Gunner
Salvador Jacobi;Auer;Jessica.Thompson65@hotmail.com;Human Optimization Officer;Apple Valley
Rose Weissnat Sr.;Wunsch;Angela.Hartmann82@yahoo.com;Senior Paradigm Planner;Nathanfield
Clinton Maggio;Huels;Claire.Koch74@yahoo.com;Chief Creative Officer;Lake Derekview
Dr. Florence Pfannerstill;Conn;Estell_Wisoky74@hotmail.com;Central Markets Coordinator;South Braeden
Phyllis Lowe;O'Kon;Nichole58@hotmail.com;Chief Division Architect;Pacochachester
Genevieve Johnston;Nitzsche;Rocio.Dickens60@hotmail.com;Direct Factors Developer;West Arlie
Bradley Larson;Terry;Zander_Pacocha@hotmail.com;Future Response Director;Abbigailfurt
Leslie Wunsch;Murazik;Fredy24@yahoo.com;Corporate Research Officer;East Sydneeworth
Gustavo Tremblay;Ritchie;Sven36@hotmail.com;Customer Security Associate;Handberg
Lewis Koch;Dooley;Frederik84@yahoo.com;Lead Configuration Strategist;Palm Beach Gardens
Hope Schulist;Skiles;Erick.Heaney43@hotmail.com;District Applications Manager;Hansenburgh
Clara Considine;Kohler;Eldridge60@yahoo.com;Investor Directives Associate;Lake Benedictton
Alfred Hilll;Labadie;Millie31@hotmail.com;Corporate Metrics Officer;West Nicklaus
Maria Greenfelder IV;Gibson;Rhiannon3@yahoo.com;Direct Quality Designer;Schulistmouth
Percy Fritsch;Ondricka;Isobel.Barton@hotmail.com;Future Operations Assistant;North Unique
Christine Conn;Glover;Timothy_Bins45@gmail.com;Principal Solutions Associate;Lebsackport
Milton Schroeder;MacGyver;Anthony_Nolan94@yahoo.com;Future Security Designer;Port Effieview
Santiago Cartwright;Rolfson;Alexys83@gmail.com;Product Infrastructure Associate;Christyton
Dr. Josh Beahan;Hermiston;Pablo.MacGyver85@hotmail.com;Investor Directives Consultant;Handfield
Ethel Rogahn;Hammes;Breanna_Kovacek81@gmail.com;Internal Markets Representative;Tuckahoe
Mr. Krystal Kovacek;Carter;Carolyne.Klein39@gmail.com;Legacy Paradigm Executive;Dooleyview
Wayne Balistreri;Kuhic;Mallory99@hotmail.com;Customer Usability Specialist;Ronville
Rosemary Howe;Kessler;Marshall.Doyle@yahoo.com;Customer Factors Architect;East Bertramport
Darnell Zieme;Senger;Dorthy70@yahoo.com;Regional Tactics Facilitator;Hahnton
Jordan Turner II;Ferry;Brennan60@yahoo.com;Principal Metrics Manager;North Sydnee
Clifford Brown;Wilderman;Eugenia_McGlynn71@yahoo.com;Central Research Specialist;West Marlenestead
Lee Barton;Gleichner;Arvilla_Boyer77@hotmail.com;Internal Accounts Specialist;Turnercester
Jenny Corwin;Corwin;Marley.Bogisich4@hotmail.com;Dynamic Paradigm Engineer;West Minervahaven
Mr. Jeannette Jaskolski;Thiel;Daphne_Reichel74@yahoo.com;Internal Paradigm Representative;Wildermanbury
Antonia Tillman;Kautzer;Pierre.Bartoletti@hotmail.com;Human Applications Assistant;Lake Carolanneville
Geoffrey Hintz;Dare;Clint.Pacocha28@gmail.com;Human Branding Administrator;East Jeaniestead
Maureen Rice Sr.;Walsh;Katheryn48@yahoo.com;Internal Data Planner;El Dorado Hills
Gilberto Rogahn DDS;Kertzmann;Henriette_Brekke@yahoo.com;Central Optimization Representative;Margate
Josefina Mitchell;Jakubowski;Kaylah.Balistreri@yahoo.com;Senior Accounts Executive;Lake Alexandre
Antonia Mante;Gerhold;Adele_Terry@yahoo.com;Regional Division Representative;North Ulisesboro
Javier Marquardt;Torphy;Araceli44@yahoo.com;Lead Directives Coordinator;East Kadinmouth
Iris Friesen;Bins;Leanne.Tromp25@hotmail.com;Human Quality Orchestrator;New Scottie
Ramiro Miller I;Hirthe;Nola_West@gmail.com;Dynamic Tactics Consultant;Port Hassanton
